-- phpMyAdmin SQL Dump
-- version 4.0.10.7
-- http://www.phpmyadmin.net
--
-- Host: localhost
-- Generation Time: Dec 17, 2015 at 02:28 AM
-- Server version: 5.5.45-cll-lve
-- PHP Version: 5.4.31

SET SQL_MODE = "NO_AUTO_VALUE_ON_ZERO";
SET time_zone = "+00:00";


/*!40101 SET @OLD_CHARACTER_SET_CLIENT=@@CHARACTER_SET_CLIENT */;
/*!40101 SET @OLD_CHARACTER_SET_RESULTS=@@CHARACTER_SET_RESULTS */;
/*!40101 SET @OLD_COLLATION_CONNECTION=@@COLLATION_CONNECTION */;
/*!40101 SET NAMES utf8 */;

--
-- Database: `flying_chalks`
--

-- --------------------------------------------------------

--
-- Table structure for table `articles`
--

CREATE TABLE IF NOT EXISTS `articles` (
  `id` int(10) unsigned NOT NULL AUTO_INCREMENT,
  `type` varchar(255) COLLATE utf8_unicode_ci NOT NULL DEFAULT 'post',
  `user_id` int(11) NOT NULL,
  `category_id` int(11) NOT NULL DEFAULT '0',
  `title` varchar(255) COLLATE utf8_unicode_ci NOT NULL,
  `slug` varchar(255) COLLATE utf8_unicode_ci NOT NULL,
  `body` text COLLATE utf8_unicode_ci NOT NULL,
  `image` varchar(255) COLLATE utf8_unicode_ci DEFAULT NULL,
  `published_at` varchar(255) COLLATE utf8_unicode_ci DEFAULT NULL,
  `created_at` timestamp NOT NULL DEFAULT '0000-00-00 00:00:00',
  `updated_at` timestamp NOT NULL DEFAULT '0000-00-00 00:00:00',
  PRIMARY KEY (`id`)
) ENGINE=InnoDB  DEFAULT CHARSET=utf8 COLLATE=utf8_unicode_ci AUTO_INCREMENT=3 ;

--
-- Dumping data for table `articles`
--

INSERT INTO `articles` (`id`, `type`, `user_id`, `category_id`, `title`, `slug`, `body`, `image`, `published_at`, `created_at`, `updated_at`) VALUES
(2, 'post', 2, 1, 'hghfghfghfgh', 'hghfghfghfgh', '<p>fghfgh</p>\r\n', '36b3e4994ed3448b7477cc55a1c1d2df8abbd642.png', NULL, '2015-12-11 05:13:59', '2015-12-11 05:13:59');

-- --------------------------------------------------------

--
-- Table structure for table `categories`
--

CREATE TABLE IF NOT EXISTS `categories` (
  `id` int(10) unsigned NOT NULL AUTO_INCREMENT,
  `name` varchar(255) COLLATE utf8_unicode_ci NOT NULL,
  `slug` varchar(255) COLLATE utf8_unicode_ci NOT NULL,
  `description` text COLLATE utf8_unicode_ci,
  `created_at` timestamp NOT NULL DEFAULT '0000-00-00 00:00:00',
  `updated_at` timestamp NOT NULL DEFAULT '0000-00-00 00:00:00',
  PRIMARY KEY (`id`),
  UNIQUE KEY `categories_slug_unique` (`slug`)
) ENGINE=InnoDB  DEFAULT CHARSET=utf8 COLLATE=utf8_unicode_ci AUTO_INCREMENT=2 ;

--
-- Dumping data for table `categories`
--

INSERT INTO `categories` (`id`, `name`, `slug`, `description`, `created_at`, `updated_at`) VALUES
(1, 'General', 'general', NULL, '2015-12-11 04:27:19', '2015-12-11 04:27:19');

-- --------------------------------------------------------

--
-- Table structure for table `migrations`
--

CREATE TABLE IF NOT EXISTS `migrations` (
  `migration` varchar(255) COLLATE utf8_unicode_ci NOT NULL,
  `batch` int(11) NOT NULL
) ENGINE=InnoDB DEFAULT CHARSET=utf8 COLLATE=utf8_unicode_ci;

--
-- Dumping data for table `migrations`
--

INSERT INTO `migrations` (`migration`, `batch`) VALUES
('2015_12_11_095216_create_users_table', 1),
('2014_07_05_111905_create_visitors_table', 2),
('2014_07_05_144447_create_articles_table', 2),
('2014_07_05_152557_create_options_table', 2),
('2014_07_07_005653_create_categories_table', 2),
('2014_10_12_000000_create_users_table', 2),
('2014_11_02_051938_create_roles_table', 2),
('2014_11_02_052125_create_permissions_table', 2),
('2014_11_02_052410_create_role_user_table', 2),
('2014_11_02_092851_create_permission_role_table', 2),
('2015_12_16_091455_create_users_table', 3),
('2015_12_16_093636_update_users_table', 4);

-- --------------------------------------------------------

--
-- Table structure for table `options`
--

CREATE TABLE IF NOT EXISTS `options` (
  `id` int(10) unsigned NOT NULL AUTO_INCREMENT,
  `key` varchar(255) COLLATE utf8_unicode_ci NOT NULL,
  `value` text COLLATE utf8_unicode_ci NOT NULL,
  `created_at` timestamp NOT NULL DEFAULT '0000-00-00 00:00:00',
  `updated_at` timestamp NOT NULL DEFAULT '0000-00-00 00:00:00',
  PRIMARY KEY (`id`),
  UNIQUE KEY `options_key_unique` (`key`)
) ENGINE=InnoDB  DEFAULT CHARSET=utf8 COLLATE=utf8_unicode_ci AUTO_INCREMENT=12 ;

--
-- Dumping data for table `options`
--

INSERT INTO `options` (`id`, `key`, `value`, `created_at`, `updated_at`) VALUES
(1, 'site.name', 'Flying Chalks', '2015-12-11 04:27:18', '2015-12-17 14:46:08'),
(2, 'site.slogan', 'Flying Chalks', '2015-12-11 04:27:18', '2015-12-17 14:46:08'),
(3, 'site.description', 'Flying Chalks', '2015-12-11 04:27:18', '2015-12-17 14:46:08'),
(4, 'site.keywords', 'Flying chalks', '2015-12-11 04:27:18', '2015-12-15 04:52:16'),
(5, 'tracking', '<!-- GA Here -->', '2015-12-11 04:27:18', '2015-12-11 04:27:18'),
(6, 'facebook.link', 'https://www.facebook.com/flyingchalks', '2015-12-11 04:27:18', '2015-12-15 04:51:53'),
(7, 'twitter.link', 'https://www.instagram.com/flyingchalks', '2015-12-11 04:27:18', '2015-12-15 04:51:53'),
(8, 'post.permalink', '{slug}', '2015-12-11 04:27:18', '2015-12-15 04:52:16'),
(9, 'ckfinder.prefix', 'packages/pingpong/admin', '2015-12-11 04:27:18', '2015-12-11 04:56:14'),
(10, 'admin.theme', 'default', '2015-12-11 04:27:18', '2015-12-11 04:56:14'),
(11, 'pagination.perpage', '10', '2015-12-11 04:27:18', '2015-12-11 04:27:18');

-- --------------------------------------------------------

--
-- Table structure for table `password_resets`
--

CREATE TABLE IF NOT EXISTS `password_resets` (
  `id` int(10) unsigned NOT NULL AUTO_INCREMENT,
  `created_at` timestamp NOT NULL DEFAULT '0000-00-00 00:00:00',
  `updated_at` timestamp NOT NULL DEFAULT '0000-00-00 00:00:00',
  `email` varchar(255) COLLATE utf8_unicode_ci NOT NULL,
  `token` varchar(255) COLLATE utf8_unicode_ci NOT NULL,
  PRIMARY KEY (`id`),
  KEY `password_resets_email_index` (`email`),
  KEY `password_resets_token_index` (`token`)
) ENGINE=InnoDB  DEFAULT CHARSET=utf8 COLLATE=utf8_unicode_ci AUTO_INCREMENT=8 ;

-- --------------------------------------------------------

--
-- Table structure for table `permissions`
--

CREATE TABLE IF NOT EXISTS `permissions` (
  `id` int(10) unsigned NOT NULL AUTO_INCREMENT,
  `name` varchar(255) COLLATE utf8_unicode_ci NOT NULL,
  `slug` varchar(255) COLLATE utf8_unicode_ci NOT NULL,
  `description` text COLLATE utf8_unicode_ci,
  `created_at` timestamp NOT NULL DEFAULT '0000-00-00 00:00:00',
  `updated_at` timestamp NOT NULL DEFAULT '0000-00-00 00:00:00',
  PRIMARY KEY (`id`),
  UNIQUE KEY `permissions_slug_unique` (`slug`)
) ENGINE=InnoDB  DEFAULT CHARSET=utf8 COLLATE=utf8_unicode_ci AUTO_INCREMENT=8 ;

--
-- Dumping data for table `permissions`
--

INSERT INTO `permissions` (`id`, `name`, `slug`, `description`, `created_at`, `updated_at`) VALUES
(1, 'Manage Users', 'manage_users', 'Manage Users', '2015-12-11 04:27:19', '2015-12-11 04:27:19'),
(2, 'Manage Articles', 'manage_articles', 'Manage Articles', '2015-12-11 04:27:19', '2015-12-11 04:27:19'),
(3, 'Manage Pages', 'manage_pages', 'Manage Pages', '2015-12-11 04:27:19', '2015-12-11 04:27:19'),
(4, 'Manage Categories', 'manage_categories', 'Manage Categories', '2015-12-11 04:27:19', '2015-12-11 04:27:19'),
(5, 'Manage Settings', 'manage_settings', 'Manage Settings', '2015-12-11 04:27:19', '2015-12-11 04:27:19'),
(6, 'Manage Roles', 'manage_roles', 'Manage Roles', '2015-12-11 04:27:19', '2015-12-11 04:27:19'),
(7, 'Manage Permissions', 'manage_permissions', 'Manage Permissions', '2015-12-11 04:27:19', '2015-12-11 04:27:19');

-- --------------------------------------------------------

--
-- Table structure for table `permission_role`
--

CREATE TABLE IF NOT EXISTS `permission_role` (
  `id` int(10) unsigned NOT NULL AUTO_INCREMENT,
  `permission_id` int(10) unsigned NOT NULL,
  `role_id` int(10) unsigned NOT NULL,
  `created_at` timestamp NOT NULL DEFAULT '0000-00-00 00:00:00',
  `updated_at` timestamp NOT NULL DEFAULT '0000-00-00 00:00:00',
  PRIMARY KEY (`id`),
  KEY `permission_role_permission_id_index` (`permission_id`),
  KEY `permission_role_role_id_index` (`role_id`)
) ENGINE=InnoDB  DEFAULT CHARSET=utf8 COLLATE=utf8_unicode_ci AUTO_INCREMENT=8 ;

--
-- Dumping data for table `permission_role`
--

INSERT INTO `permission_role` (`id`, `permission_id`, `role_id`, `created_at`, `updated_at`) VALUES
(1, 2, 1, '2015-12-11 04:27:19', '2015-12-11 04:27:19'),
(2, 4, 1, '2015-12-11 04:27:19', '2015-12-11 04:27:19'),
(3, 3, 1, '2015-12-11 04:27:19', '2015-12-11 04:27:19'),
(4, 7, 1, '2015-12-11 04:27:19', '2015-12-11 04:27:19'),
(5, 6, 1, '2015-12-11 04:27:19', '2015-12-11 04:27:19'),
(6, 5, 1, '2015-12-11 04:27:19', '2015-12-11 04:27:19'),
(7, 1, 1, '2015-12-11 04:27:19', '2015-12-11 04:27:19');

-- --------------------------------------------------------

--
-- Table structure for table `roles`
--

CREATE TABLE IF NOT EXISTS `roles` (
  `id` int(10) unsigned NOT NULL AUTO_INCREMENT,
  `name` varchar(255) COLLATE utf8_unicode_ci NOT NULL,
  `slug` varchar(255) COLLATE utf8_unicode_ci NOT NULL,
  `description` text COLLATE utf8_unicode_ci,
  `created_at` timestamp NOT NULL DEFAULT '0000-00-00 00:00:00',
  `updated_at` timestamp NOT NULL DEFAULT '0000-00-00 00:00:00',
  PRIMARY KEY (`id`),
  UNIQUE KEY `roles_slug_unique` (`slug`)
) ENGINE=InnoDB  DEFAULT CHARSET=utf8 COLLATE=utf8_unicode_ci AUTO_INCREMENT=3 ;

--
-- Dumping data for table `roles`
--

INSERT INTO `roles` (`id`, `name`, `slug`, `description`, `created_at`, `updated_at`) VALUES
(1, 'Administrator', 'admin', NULL, '2015-12-11 04:27:18', '2015-12-11 04:27:18'),
(2, 'User', 'user', NULL, '2015-12-11 04:27:18', '2015-12-11 04:27:18');

-- --------------------------------------------------------

--
-- Table structure for table `role_user`
--

CREATE TABLE IF NOT EXISTS `role_user` (
  `id` int(10) unsigned NOT NULL AUTO_INCREMENT,
  `role_id` int(10) unsigned NOT NULL,
  `user_id` int(10) unsigned NOT NULL,
  `created_at` timestamp NOT NULL DEFAULT '0000-00-00 00:00:00',
  `updated_at` timestamp NOT NULL DEFAULT '0000-00-00 00:00:00',
  PRIMARY KEY (`id`),
  KEY `role_user_role_id_index` (`role_id`),
  KEY `role_user_user_id_index` (`user_id`)
) ENGINE=InnoDB  DEFAULT CHARSET=utf8 COLLATE=utf8_unicode_ci AUTO_INCREMENT=4 ;

--
-- Dumping data for table `role_user`
--

INSERT INTO `role_user` (`id`, `role_id`, `user_id`, `created_at`, `updated_at`) VALUES
(2, 1, 2, '2015-12-11 04:53:53', '2015-12-11 04:53:53'),
(3, 2, 3, '2015-12-11 07:07:11', '2015-12-11 07:07:11');

-- --------------------------------------------------------

--
-- Table structure for table `users`
--

CREATE TABLE IF NOT EXISTS `users` (
  `id` int(10) unsigned NOT NULL AUTO_INCREMENT,
  `name` varchar(255) COLLATE utf8_unicode_ci NOT NULL,
  `email` varchar(255) COLLATE utf8_unicode_ci NOT NULL,
  `password` varchar(60) COLLATE utf8_unicode_ci NOT NULL,
  `confirmation_code` varchar(255) COLLATE utf8_unicode_ci NOT NULL,
  `confirmed` int(11) NOT NULL DEFAULT '0',
  `remember_token` varchar(100) COLLATE utf8_unicode_ci DEFAULT NULL,
  `created_at` timestamp NOT NULL DEFAULT '0000-00-00 00:00:00',
  `updated_at` timestamp NOT NULL DEFAULT '0000-00-00 00:00:00',
  PRIMARY KEY (`id`),
  UNIQUE KEY `users_email_unique` (`email`)
) ENGINE=InnoDB  DEFAULT CHARSET=utf8 COLLATE=utf8_unicode_ci AUTO_INCREMENT=42 ;

--
-- Dumping data for table `users`
--

INSERT INTO `users` (`id`, `name`, `email`, `password`, `confirmation_code`, `confirmed`, `remember_token`, `created_at`, `updated_at`) VALUES
(2, 'Sukant', 'sukant@betasoftsystems.com', '$2y$10$gdEQFdiWES22D2EFnpFLuOtUxK1gPNJ6BoyapJQXo3i4hl8TJJ8jW', '', 0, '4Ywa5j4ThX0Co2LRZ0KbIKxVILHUXh4WrLNnPNsCov9xM3emqAFORUcwjLMG', '2015-12-11 04:53:53', '2015-12-16 00:43:06'),
(3, 'Rahul Jain', 'rahul@betasoftsystems.com', '$2y$10$8LYk3LGR9Mhlji7OndoBquEB3lsRs3fotN933HN6iWQvcuNy7KP7S', '', 0, NULL, '2015-12-11 07:07:11', '2015-12-11 07:07:11'),
(41, 'gaurav', 'gaurav.kumar@betasoftsystems.com', '$2y$10$w3O/pXLgTMUm4Mc3CV8KQupmrVbtgswlToEvSk4tOWiiLbJvSzCkC', '', 1, 'Ap11vWAkEIeww4OLjCo57wdlFzN0aMyfUO5ryHNz45KzStrPDZQR371rzyp8', '2015-12-17 13:26:42', '2015-12-17 13:53:03');

-- --------------------------------------------------------

--
-- Table structure for table `visitors`
--

CREATE TABLE IF NOT EXISTS `visitors` (
  `id` int(10) unsigned NOT NULL AUTO_INCREMENT,
  `ip` varchar(255) COLLATE utf8_unicode_ci NOT NULL,
  `hits` int(11) NOT NULL,
  `online` varchar(255) COLLATE utf8_unicode_ci NOT NULL,
  `url` varchar(255) COLLATE utf8_unicode_ci NOT NULL,
  `path` varchar(255) COLLATE utf8_unicode_ci NOT NULL,
  `created_at` timestamp NOT NULL DEFAULT '0000-00-00 00:00:00',
  `updated_at` timestamp NOT NULL DEFAULT '0000-00-00 00:00:00',
  PRIMARY KEY (`id`)
) ENGINE=InnoDB DEFAULT CHARSET=utf8 COLLATE=utf8_unicode_ci AUTO_INCREMENT=1 ;

--
-- Constraints for dumped tables
--

--
-- Constraints for table `permission_role`
--
ALTER TABLE `permission_role`
  ADD CONSTRAINT `permission_role_permission_id_foreign` FOREIGN KEY (`permission_id`) REFERENCES `permissions` (`id`) ON DELETE CASCADE,
  ADD CONSTRAINT `permission_role_role_id_foreign` FOREIGN KEY (`role_id`) REFERENCES `roles` (`id`) ON DELETE CASCADE;

--
-- Constraints for table `role_user`
--
ALTER TABLE `role_user`
  ADD CONSTRAINT `role_user_role_id_foreign` FOREIGN KEY (`role_id`) REFERENCES `roles` (`id`) ON DELETE CASCADE,
  ADD CONSTRAINT `role_user_user_id_foreign` FOREIGN KEY (`user_id`) REFERENCES `users` (`id`) ON DELETE CASCADE;

/*!40101 SET CHARACTER_SET_CLIENT=@OLD_CHARACTER_SET_CLIENT */;
/*!40101 SET CHARACTER_SET_RESULTS=@OLD_CHARACTER_SET_RESULTS */;
/*!40101 SET COLLATION_CONNECTION=@OLD_COLLATION_CONNECTION */;
